[
{
  "model": "trips.trip",
  "pk": 1,
  "fields": {
    "destination": "Lisbon",
    "start_date": "2020-05-21",
    "end_date": "2020-05-24",
    "open_trip": true,
    "owner": 1
  }
},
{
  "model": "trips.trip",
  "pk": 2,
  "fields": {
    "destination": "Barcelona",
    "start_date": "2020-08-10",
    "end_date": "2020-08-24",
    "open_trip": true,
    "owner": 3
  }
},
{
  "model": "trips.trip",
  "pk": 3,
  "fields": {
    "destination": "Thailand",
    "start_date": "2020-10-01",
    "end_date": "2020-11-01",
    "open_trip": true,
    "owner": 11
  }
},
{
  "model": "trips.trip",
  "pk": 4,
  "fields": {
    "destination": "Paris",
    "start_date": "2020-02-14",
    "end_date": "2020-02-17",
    "open_trip": true,
    "owner": 1
  }
},
{
  "model": "trips.trip",
  "pk": 5,
  "fields": {
    "destination": "Venice",
    "start_date": "2020-03-12",
    "end_date": "2020-03-15",
    "open_trip": true,
    "owner": 1
  }
},
{
  "model": "trips.trip",
  "pk": 6,
  "fields": {
    "destination": "Tokyo",
    "start_date": "2020-08-10",
    "end_date": "2020-08-29",
    "open_trip": true,
    "owner": 1
  }
},
{
  "model": "trips.photo",
  "pk": 1,
  "fields": {
    "image": "http://res.cloudinary.com/dqrkw1z1a/image/upload/v1582929224/ROAM/cezlemxovj1bz3ryirm9.jpg",
    "trip": 4
  }
},
{
  "model": "trips.photo",
  "pk": 2,
  "fields": {
    "image": "http://res.cloudinary.com/dqrkw1z1a/image/upload/v1583279736/ROAM/fl843ff3djls00mz8qht.jpg",
    "trip": 3
  }
},
{
  "model": "trips.photo",
  "pk": 3,
  "fields": {
    "image": "http://res.cloudinary.com/dqrkw1z1a/image/upload/v1583279812/ROAM/xjd93ipyj3wfklbu1fy7.jpg",
    "trip": 3
  }
},
{
  "model": "trips.photo",
  "pk": 4,
  "fields": {
    "image": "http://res.cloudinary.com/dqrkw1z1a/image/upload/v1583315952/ROAM/d5gyfyywdbt9cshblzyy.jpg",
    "trip": 1
  }
},
{
  "model": "trips.photo",
  "pk": 5,
  "fields": {
    "image": "http://res.cloudinary.com/dqrkw1z1a/image/upload/v1583315962/ROAM/hlno6erbw5txcagt7ccc.jpg",
    "trip": 1
  }
},
{
  "model": "trips.photo",
  "pk": 6,
  "fields": {
    "image": "http://res.cloudinary.com/dqrkw1z1a/image/upload/v1583315983/ROAM/xichwpo22d3mtnnt4ipd.jpg",
    "trip": 1
  }
},
{
  "model": "trips.photo",
  "pk": 7,
  "fields": {
    "image": "http://res.cloudinary.com/dqrkw1z1a/image/upload/v1583331828/ROAM/b1oddobas0bcltx4dafn.jpg",
    "trip": 5
  }
},
{
  "model": "trips.photo",
  "pk": 8,
  "fields": {
    "image": "http://res.cloudinary.com/dqrkw1z1a/image/upload/v1583331848/ROAM/li5edfuiwefuzia7jf7n.jpg",
    "trip": 5
  }
},
{
  "model": "trips.photo",
  "pk": 9,
  "fields": {
    "image": "http://res.cloudinary.com/dqrkw1z1a/image/upload/v1583331855/ROAM/koifgy3znvr2ptwmlk1z.jpg",
    "trip": 5
  }
},
{
  "model": "trips.photo",
  "pk": 10,
  "fields": {
    "image": "http://res.cloudinary.com/dqrkw1z1a/image/upload/v1583332574/ROAM/jmdcz4vzdnp87xrdgnzy.jpg",
    "trip": 4
  }
},
{
  "model": "trips.photo",
  "pk": 11,
  "fields": {
    "image": "http://res.cloudinary.com/dqrkw1z1a/image/upload/v1583332799/ROAM/ifesczukydqd8lm2gpiv.jpg",
    "trip": 6
  }
},
{
  "model": "trips.photo",
  "pk": 12,
  "fields": {
    "image": "http://res.cloudinary.com/dqrkw1z1a/image/upload/v1583332823/ROAM/pdhndl9z3tf9nfq59b9m.jpg",
    "trip": 6
  }
},
{
  "model": "trips.photo",
  "pk": 13,
  "fields": {
    "image": "http://res.cloudinary.com/dqrkw1z1a/image/upload/v1583332830/ROAM/nywshoikrqry4ssveiau.jpg",
    "trip": 6
  }
},
{
  "model": "trips.photo",
  "pk": 14,
  "fields": {
    "image": "http://res.cloudinary.com/dqrkw1z1a/image/upload/v1583332899/ROAM/e0in0webdlxcivy9yirz.jpg",
    "trip": 6
  }
},
{
  "model": "trips.photo",
  "pk": 15,
  "fields": {
    "image": "http://res.cloudinary.com/dqrkw1z1a/image/upload/v1583333266/ROAM/jsuum52xfmy0hopiwbbc.jpg",
    "trip": 3
  }
},
{
  "model": "trips.photo",
  "pk": 16,
  "fields": {
    "image": "http://res.cloudinary.com/dqrkw1z1a/image/upload/v1583333491/ROAM/ul10hxdo6m2qco2ij20w.jpg",
    "trip": 2
  }
},
{
  "model": "trips.photo",
  "pk": 17,
  "fields": {
    "image": "http://res.cloudinary.com/dqrkw1z1a/image/upload/v1583333528/ROAM/pomn7zag9cuwvypbvfzz.jpg",
    "trip": 2
  }
},
{
  "model": "trips.photo",
  "pk": 18,
  "fields": {
    "image": "http://res.cloudinary.com/dqrkw1z1a/image/upload/v1583333554/ROAM/qufqg8m3xvgh8rq8yeaf.jpg",
    "trip": 2
  }
},
{
  "model": "trips.photo",
  "pk": 19,
  "fields": {
    "image": "http://res.cloudinary.com/dqrkw1z1a/image/upload/v1583333610/ROAM/qnjolp7yerlsdnkif8n6.jpg",
    "trip": 2
  }
},
{
  "model": "trips.photo",
  "pk": 20,
  "fields": {
    "image": "http://res.cloudinary.com/dqrkw1z1a/image/upload/v1583684748/ROAM/xr137jo0r0sxdigudnjo.jpg",
    "trip": 2
  }
},
{
  "model": "trips.attraction",
  "pk": 1,
  "fields": {
    "link": "https://www.tripadvisor.co.uk/AttractionProductReview-g187497-d11990696-Interactive_Spanish_Cooking_Experience_in_Barcelona-Barcelona_Catalonia.html",
    "trip": 2
  }
},
{
  "model": "trips.attraction",
  "pk": 2,
  "fields": {
    "link": "https://www.lisbon.net/belem-tower",
    "trip": 1
  }
},
{
  "model": "trips.attraction",
  "pk": 3,
  "fields": {
    "link": "https://www.royalgrandpalace.th/en/home",
    "trip": 3
  }
},
{
  "model": "trips.attraction",
  "pk": 4,
  "fields": {
    "link": "https://www.tripadvisor.co.uk/AttractionProductReview-g297931-d11989963-Phi_Phi_Islands_Adventure_Day_Trip_with_Seaview_Lunch_by_V_Marine_Tour-Kathu_Phuke.html",
    "trip": 3
  }
},
{
  "model": "trips.attraction",
  "pk": 5,
  "fields": {
    "link": "https://www.tripadvisor.co.uk/AttractionProductReview-g189158-d11478666-The_Lisbon_Pub_Crawl-Lisbon_Lisbon_District_Central_Portugal.html",
    "trip": 1
  }
},
{
  "model": "trips.attraction",
  "pk": 6,
  "fields": {
    "link": "https://www.tripadvisor.co.uk/AttractionProductReview-g187870-d11468187-Classic_30_Minute_Gondola_Ride-Venice_Veneto.html",
    "trip": 5
  }
},
{
  "model": "trips.attraction",
  "pk": 7,
  "fields": {
    "link": "https://www.tripadvisor.co.uk/Restaurant_Review-g187870-d1808953-Reviews-Impronta-Venice_Veneto.html",
    "trip": 5
  }
},
{
  "model": "trips.attraction",
  "pk": 8,
  "fields": {
    "link": "https://www.louvre.fr/en",
    "trip": 4
  }
},
{
  "model": "trips.attraction",
  "pk": 9,
  "fields": {
    "link": "https://www.tripadvisor.co.uk/AttractionProductReview-g14133667-d11467113-Tokyo_Robot_Restaurant_Show_Ticket-Kabukicho_Shinjuku_Tokyo_Tokyo_Prefecture_Kan.html",
    "trip": 6
  }
},
{
  "model": "trips.attraction",
  "pk": 10,
  "fields": {
    "link": "https://www.tripadvisor.co.uk/AttractionProductReview-g293920-d11992108-Phang_Nga_Bay_Sea_Cave_Canoeing_James_Bond_Island_by_Big_Boat_from_Phuket-Phuket.html",
    "trip": 3
  }
},
{
  "model": "trips.attraction",
  "pk": 11,
  "fields": {
    "link": "https://www.tripadvisor.co.uk/Restaurant_Review-g293916-d1906434-Reviews-Nami_Teppanyaki_Steakhouse_at_the_JW_Marriott_Hotel_Bangkok-Bangkok.html",
    "trip": 3
  }
},
{
  "model": "trips.attraction",
  "pk": 12,
  "fields": {
    "link": "https://www.tripadvisor.co.uk/Trips/82787734/14%20Classic%20Barcelona%20Restaurants",
    "trip": 2
  }
},
{
  "model": "trips.todo",
  "pk": 1,
  "fields": {
    "to_do": "eat tapas",
    "trip": 2
  }
},
{
  "model": "trips.todo",
  "pk": 2,
  "fields": {
    "to_do": "have dinner on Las Ramblas",
    "trip": 2
  }
},
{
  "model": "trips.todo",
  "pk": 3,
  "fields": {
    "to_do": "Visit elephant sanctuary",
    "trip": 3
  }
},
{
  "model": "trips.todo",
  "pk": 4,
  "fields": {
    "to_do": "Ride in a tuk tuk",
    "trip": 3
  }
},
{
  "model": "trips.todo",
  "pk": 5,
  "fields": {
    "to_do": "Visit a floating market",
    "trip": 3
  }
},
{
  "model": "trips.todo",
  "pk": 6,
  "fields": {
    "to_do": "Ride Tram 28",
    "trip": 1
  }
},
{
  "model": "trips.todo",
  "pk": 7,
  "fields": {
    "to_do": "Eat Nata",
    "trip": 1
  }
},
{
  "model": "trips.todo",
  "pk": 8,
  "fields": {
    "to_do": "Explore Alfama District",
    "trip": 1
  }
},
{
  "model": "trips.todo",
  "pk": 9,
  "fields": {
    "to_do": "Have a gondola ride",
    "trip": 5
  }
},
{
  "model": "trips.todo",
  "pk": 10,
  "fields": {
    "to_do": "Eat dinner on the Grand Canal",
    "trip": 5
  }
},
{
  "model": "trips.todo",
  "pk": 11,
  "fields": {
    "to_do": "Be romantic",
    "trip": 4
  }
},
{
  "model": "trips.todo",
  "pk": 12,
  "fields": {
    "to_do": "See a fashion show",
    "trip": 4
  }
},
{
  "model": "trips.todo",
  "pk": 13,
  "fields": {
    "to_do": "See the Olympics",
    "trip": 6
  }
}
]
